survived,pclass,sex,age,sibsp,parch,fare,embarked,class,who,adult_male,deck,embark_town,alive,alone
0,3,male,22.0,1,0,7.25,S,Third,man,True,,Southampton,no,False
1,3,female,26.0,0,0,7.925,S,Third,woman,False,,Southampton,yes,True
0,3,male,35.0,0,0,8.05,S,Third,man,True,,Southampton,no,True
0,3,male,,0,0,8.4583,Q,Third,man,True,,Queenstown,no,True
0,3,male,2.0,3,1,21.075,S,Third,child,False,,Southampton,no,False
1,3,female,27.0,0,2,11.1333,S,Third,woman,False,,Southampton,yes,False
1,3,female,4.0,1,1,16.7,S,Third,child,False,G,Southampton,yes,False
0,3,male,20.0,0,0,8.05,S,Third,man,True,,Southampton,no,True
0,3,male,39.0,1,5,31.275,S,Third,man,True,,Southampton,no,False
0,3,female,14.0,0,0,7.8542,S,Third,child,False,,Southampton,no,True
0,3,male,2.0,4,1,29.125,Q,Third,child,False,,Queenstown,no,False
0,3,female,31.0,1,0,18.0,S,Third,woman,False,,Southampton,no,False
1,3,female,,0,0,7.225,C,Third,woman,False,,Cherbourg,yes,True
1,3,female,15.0,0,0,8.0292,Q,Third,child,False,,Queenstown,yes,True
0,3,female,8.0,3,1,21.075,S,Third,child,False,,Southampton,no,False
1,3,female,38.0,1,5,31.3875,S,Third,woman,False,,Southampton,yes,False
0,3,male,,0,0,7.225,C,Third,man,True,,Cherbourg,no,True
1,3,female,,0,0,7.8792,Q,Third,woman,False,,Queenstown,yes,True
0,3,male,,0,0,7.8958,S,Third,man,True,,Southampton,no,True
1,3,female,,0,0,7.75,Q,Third,woman,False,,Queenstown,yes,True
1,3,male,,0,0,7.2292,C,Third,man,True,,Cherbourg,yes,True
0,3,male,21.0,0,0,8.05,S,Third,man,True,,Southampton,no,True
0,3,female,18.0,2,0,18.0,S,Third,woman,False,,Southampton,no,False
1,3,female,14.0,1,0,11.2417,C,Third,child,False,,Cherbourg,yes,False
0,3,female,40.0,1,0,9.475,S,Third,woman,False,,Southampton,no,False
0,3,male,,0,0,7.8958,C,Third,man,True,,Cherbourg,no,True
1,3,female,19.0,0,0,7.8792,Q,Third,woman,False,,Queenstown,yes,True
0,3,male,,0,0,8.05,S,Third,man,True,,Southampton,no,True
0,3,male,,1,0,15.5,Q,Third,man,True,,Queenstown,no,False
1,3,female,,0,0,7.75,Q,Third,woman,False,,Queenstown,yes,True
0,3,male,,2,0,21.6792,C,Third,man,True,,Cherbourg,no,False
0,3,female,18.0,1,0,17.8,S,Third,woman,False,,Southampton,no,False
0,3,male,7.0,4,1,39.6875,S,Third,child,False,,Southampton,no,False
0,3,male,21.0,0,0,7.8,S,Third,man,True,,Southampton,no,True
0,3,male,28.5,0,0,7.2292,C,Third,man,True,,Cherbourg,no,True
0,3,male,11.0,5,2,46.9,S,Third,child,False,,Southampton,no,False
0,3,male,22.0,0,0,7.2292,C,Third,man,True,,Cherbourg,no,True
0,3,male,4.0,3,2,27.9,S,Third,child,False,,Southampton,no,False
1,3,male,,1,1,15.2458,C,Third,man,True,,Cherbourg,yes,False
0,3,male,19.0,0,0,8.1583,S,Third,man,True,,Southampton,no,True
1,3,female,17.0,4,2,7.925,S,Third,woman,False,,Southampton,yes,False
0,3,male,26.0,2,0,8.6625,S,Third,man,True,,Southampton,no,False
0,3,female,16.0,5,2,46.9,S,Third,woman,False,,Southampton,no,False
0,3,male,26.0,1,0,14.4542,C,Third,man,True,,Cherbourg,no,False
1,3,male,32.0,0,0,56.4958,S,Third,man,True,,Southampton,yes,True
0,3,male,25.0,0,0,7.65,S,Third,man,True,F,Southampton,no,True
0,3,male,,0,0,7.8958,S,Third,man,True,,Southampton,no,True
0,3,male,,0,0,8.05,S,Third,man,True,,Southampton,no,True
1,3,female,30.0,0,0,12.475,S,Third,woman,False,,Southampton,yes,True
0,3,male,22.0,0,0,9.0,S,Third,man,True,,Southampton,no,True
1,3,male,29.0,0,0,9.5,S,Third,man,True,,Southampton,yes,True
1,3,female,,0,0,7.7875,Q,Third,woman,False,,Queenstown,yes,True
1,3,female,33.0,3,0,15.85,S,Third,woman,False,,Southampton,yes,False
0,3,male,16.0,1,3,34.375,S,Third,man,True,,Southampton,no,False
0,3,male,,0,0,8.05,S,Third,man,True,,Southampton,no,True
0,3,male,24.0,0,0,8.05,S,Third,man,True,,Southampton,no,True
0,3,male,29.0,0,0,8.05,S,Third,man,True,,Southampton,no,True
0,3,male,20.0,0,0,7.8542,S,Third,man,True,,Southampton,no,True
0,3,male,26.0,1,2,20.575,S,Third,man,True,,Southampton,no,False
0,3,male,59.0,0,0,7.25,S,Third,man,True,,Southampton,no,True
0,3,male,,0,0,8.05,S,Third,man,True,,Southampton,no,True
0,3,female,28.0,0,0,7.8958,S,Third,woman,False,,Southampton,no,True
0,3,male,,0,0,7.8958,S,Third,man,True,,Southampton,no,True
0,3,male,33.0,0,0,8.6542,S,Third,man,True,,Southampton,no,True
0,3,male,37.0,2,0,7.925,S,Third,man,True,,Southampton,no,False
0,3,male,28.0,0,0,7.8958,S,Third,man,True,,Southampton,no,True
1,3,female,21.0,0,0,7.65,S,Third,woman,False,,Southampton,yes,True
1,3,male,,0,0,7.775,S,Third,man,True,,Southampton,yes,True
0,3,male,38.0,0,0,7.8958,S,Third,man,True,,Southampton,no,True
1,3,female,,1,0,24.15,Q,Third,woman,False,,Queenstown,yes,False
0,3,female,14.5,1,0,14.4542,C,Third,child,False,,Cherbourg,no,False
0,3,male,22.0,0,0,8.05,S,Third,man,True,,Southampton,no,True
0,3,female,20.0,1,0,9.825,S,Third,woman,False,,Southampton,no,False
0,3,female,17.0,0,0,14.4583,C,Third,woman,False,,Cherbourg,no,True
0,3,male,21.0,0,0,7.925,S,Third,man,True,,Southampton,no,True
0,3,male,70.5,0,0,7.75,Q,Third,man,True,,Queenstown,no,True
0,3,female,2.0,4,2,31.275,S,Third,child,False,,Southampton,no,False
0,3,male,,0,0,8.05,S,Third,man,True,,Southampton,no,True
1,3,male,12.0,1,0,11.2417,C,Third,child,False,,Cherbourg,yes,False
0,3,male,,0,0,7.75,Q,Third,man,True,,Queenstown,no,True
1,3,male,24.0,0,0,7.1417,S,Third,man,True,,Southampton,yes,True
1,3,female,,1,1,22.3583,C,Third,woman,False,F,Cherbourg,yes,False
0,3,male,45.0,0,0,6.975,S,Third,man,True,,Southampton,no,True
0,3,male,33.0,0,0,7.8958,C,Third,man,True,,Cherbourg,no,True
0,3,male,20.0,0,0,7.05,S,Third,man,True,,Southampton,no,True
0,3,female,47.0,1,0,14.5,S,Third,woman,False,,Southampton,no,False
0,3,male,16.0,0,0,9.2167,S,Third,man,True,,Southampton,no,True
0,3,female,,0,2,15.2458,C,Third,woman,False,,Cherbourg,no,False
1,3,female,22.0,0,0,7.75,S,Third,woman,False,,Southampton,yes,True
1,3,female,24.0,1,0,15.85,S,Third,woman,False,,Southampton,yes,False
0,3,male,19.0,0,0,6.75,Q,Third,man,True,,Queenstown,no,True
1,3,male,27.0,0,0,7.7958,S,Third,man,True,,Southampton,yes,True
0,3,female,9.0,2,2,34.375,S,Third,child,False,,Southampton,no,False
0,3,male,55.5,0,0,8.05,S,Third,man,True,,Southampton,no,True
0,3,male,40.5,0,2,14.5,S,Third,man,True,,Southampton,no,False
0,3,male,,0,0,7.3125,S,Third,man,True,,Southampton,no,True
1,3,female,16.0,0,0,7.7333,Q,Third,woman,False,,Queenstown,yes,True
0,3,male,30.0,0,0,8.05,S,Third,man,True,,Southampton,no,True
0,3,male,,0,0,8.6625,S,Third,man,True,,Southampton,no,True
0,3,male,,8,2,69.55,S,Third,man,True,,Southampton,no,False
0,3,male,44.0,0,1,16.1,S,Third,man,True,,Southampton,no,False
0,3,male,26.0,0,0,7.775,S,Third,man,True,,Southampton,no,True
0,3,male,17.0,0,0,8.6625,S,Third,man,True,,Southampton,no,True
0,3,male,1.0,4,1,39.6875,S,Third,child,False,,Southampton,no,False
1,3,male,9.0,0,2,20.525,S,Third,child,False,,Southampton,yes,False
0,3,female,45.0,1,4,27.9,S,Third,woman,False,,Southampton,no,False
0,3,male,28.0,0,0,56.4958,S,Third,man,True,,Southampton,no,True
0,3,male,4.0,4,1,29.125,Q,Third,child,False,,Queenstown,no,False
1,3,female,1.0,1,1,11.1333,S,Third,child,False,,Southampton,yes,False
0,3,male,21.0,0,0,7.925,S,Third,man,True,,Southampton,no,True
0,3,male,18.0,1,1,7.8542,S,Third,man,True,,Southampton,no,False
0,3,male,,3,1,25.4667,S,Third,man,True,,Southampton,no,False
0,3,male,36.0,0,0,0.0,S,Third,man,True,,Southampton,no,True
0,3,female,,8,2,69.55,S,Third,woman,False,,Southampton,no,False
0,3,male,9.0,4,2,31.3875,S,Third,child,False,,Southampton,no,False
1,3,female,4.0,0,2,22.025,S,Third,child,False,,Southampton,yes,False
1,3,female,,1,0,15.5,Q,Third,woman,False,,Queenstown,yes,False
0,3,male,40.0,1,1,15.5,Q,Third,man,True,,Queenstown,no,False
0,3,male,36.0,0,0,7.8958,S,Third,man,True,,Southampton,no,True
1,3,female,19.0,1,0,7.8542,S,Third,woman,False,,Southampton,yes,False
0,3,male,,0,0,7.75,Q,Third,man,True,,Queenstown,no,True
0,3,male,42.0,0,1,8.4042,S,Third,man,True,,Southampton,no,False
1,3,female,,0,0,7.75,Q,Third,woman,False,,Queenstown,yes,True
0,3,male,28.0,0,0,9.5,S,Third,man,True,,Southampton,no,True
0,3,male,,8,2,69.55,S,Third,man,True,,Southampton,no,False
0,3,male,34.0,0,0,6.4958,S,Third,man,True,,Southampton,no,True
0,3,male,45.5,0,0,7.225,C,Third,man,True,,Cherbourg,no,True
1,3,male,18.0,0,0,8.05,S,Third,man,True,,Southampton,yes,True
0,3,female,2.0,0,1,10.4625,S,Third,child,False,G,Southampton,no,False
0,3,male,32.0,1,0,15.85,S,Third,man,True,,Southampton,no,False
1,3,male,26.0,0,0,18.7875,C,Third,man,True,,Cherbourg,yes,True
1,3,female,16.0,0,0,7.75,Q,Third,woman,False,,Queenstown,yes,True
0,3,male,24.0,0,0,7.05,S,Third,man,True,,Southampton,no,True
0,3,male,22.0,0,0,7.25,S,Third,man,True,,Southampton,no,True
0,3,male,,1,0,7.75,Q,Third,man,True,,Queenstown,no,False
1,3,female,27.0,0,0,7.925,S,Third,woman,False,,Southampton,yes,True
1,3,male,16.0,0,0,8.05,S,Third,man,True,,Southampton,yes,True
0,3,male,51.0,0,0,8.05,S,Third,man,True,,Southampton,no,True
0,3,male,,0,0,7.8958,S,Third,man,True,,Southampton,no,True
0,3,male,22.0,0,0,9.35,S,Third,man,True,,Southampton,no,True
0,3,male,20.5,0,0,7.25,S,Third,man,True,,Southampton,no,True
0,3,female,,3,1,25.4667,S,Third,woman,False,,Southampton,no,False
0,3,male,29.0,0,0,7.775,S,Third,man,True,,Southampton,no,True
1,3,female,5.0,4,2,31.3875,S,Third,child,False,,Southampton,yes,False
0,3,female,,0,0,7.55,S,Third,woman,False,,Southampton,no,True
0,3,female,,1,0,14.4542,C,Third,woman,False,,Cherbourg,no,False
1,3,female,,1,0,15.5,Q,Third,woman,False,,Queenstown,yes,False
0,3,male,22.0,0,0,7.125,S,Third,man,True,,Southampton,no,True
0,3,male,30.0,0,0,7.225,C,Third,man,True,,Cherbourg,no,True
0,3,female,25.0,0,0,7.775,S,Third,woman,False,,Southampton,no,True
0,3,male,,0,0,7.25,S,Third,man,True,,Southampton,no,True
0,3,female,29.0,1,1,10.4625,S,Third,woman,False,G,Southampton,no,False
0,3,male,30.0,1,0,16.1,S,Third,man,True,,Southampton,no,False
0,3,female,41.0,0,2,20.2125,S,Third,woman,False,,Southampton,no,False
1,3,female,29.0,0,2,15.2458,C,Third,woman,False,,Cherbourg,yes,False
0,3,male,,0,0,7.75,Q,Third,man,True,,Queenstown,no,True
1,3,male,3.0,4,2,31.3875,S,Third,child,False,,Southampton,yes,False
0,3,female,,0,0,7.75,Q,Third,woman,False,,Queenstown,no,True
0,3,male,16.0,4,1,39.6875,S,Third,man,True,,Southampton,no,False
1,3,male,25.0,1,0,7.775,S,Third,man,True,,Southampton,yes,False
1,3,male,25.0,0,0,0.0,S,Third,man,True,,Southampton,yes,True
1,3,female,,0,0,7.75,Q,Third,woman,False,,Queenstown,yes,True
0,3,female,45.0,0,0,7.75,S,Third,woman,False,,Southampton,no,True
0,3,male,7.0,4,1,29.125,Q,Third,child,False,,Queenstown,no,False
1,3,female,35.0,1,1,20.25,S,Third,woman,False,,Southampton,yes,False
0,3,male,65.0,0,0,7.75,Q,Third,man,True,,Queenstown,no,True
0,3,male,28.0,0,0,7.8542,S,Third,man,True,,Southampton,no,True
0,3,male,16.0,0,0,9.5,S,Third,man,True,,Southampton,no,True
1,3,male,19.0,0,0,8.05,S,Third,man,True,,Southampton,yes,True
0,3,male,33.0,0,0,8.6625,C,Third,man,True,,Cherbourg,no,True
1,3,male,30.0,0,0,9.5,S,Third,man,True,,Southampton,yes,True
0,3,male,22.0,0,0,7.8958,S,Third,man,True,,Southampton,no,True
1,3,female,22.0,0,0,7.75,Q,Third,woman,False,,Queenstown,yes,True
0,3,female,24.0,0,0,8.85,S,Third,woman,False,,Southampton,no,True
0,3,male,24.0,0,0,7.8958,S,Third,man,True,,Southampton,no,True
0,3,male,23.5,0,0,7.2292,C,Third,man,True,,Cherbourg,no,True
1,3,female,,0,0,7.75,Q,Third,woman,False,,Queenstown,yes,True
1,3,male,,2,0,23.25,Q,Third,man,True,,Queenstown,yes,False
0,3,male,19.0,0,0,0.0,S,Third,man,True,,Southampton,no,True
0,3,male,,0,0,8.05,S,Third,man,True,,Southampton,no,True
0,3,male,28.0,0,0,7.8958,S,Third,man,True,,Southampton,no,True
1,3,female,26.0,0,0,7.8542,S,Third,woman,False,,Southampton,yes,True
0,3,male,22.0,0,0,7.25,S,Third,man,True,,Southampton,no,True
0,3,male,27.0,0,0,7.8958,S,Third,man,True,,Southampton,no,True
0,3,male,,8,2,69.55,S,Third,man,True,,Southampton,no,False
0,3,male,61.0,0,0,6.2375,S,Third,man,True,,Southampton,no,True
1,3,female,31.0,1,1,20.525,S,Third,woman,False,,Southampton,yes,False
1,3,female,,2,0,23.25,Q,Third,woman,False,,Queenstown,yes,False
0,3,male,16.0,2,0,18.0,S,Third,man,True,,Southampton,no,False
0,3,male,,0,0,7.8958,S,Third,man,True,,Southampton,no,True
1,3,male,45.0,0,0,8.05,S,Third,man,True,,Southampton,yes,True
1,3,female,,1,0,16.1,S,Third,woman,False,,Southampton,yes,False
1,3,male,3.0,1,1,15.9,S,Third,child,False,,Southampton,yes,False
0,3,male,42.0,0,0,8.6625,S,Third,man,True,,Southampton,no,True
0,3,male,23.0,0,0,9.225,S,Third,man,True,,Southampton,no,True
0,3,male,15.0,1,1,7.2292,C,Third,child,False,,Cherbourg,no,False
0,3,male,25.0,1,0,17.8,S,Third,man,True,,Southampton,no,False
0,3,male,,0,0,7.225,C,Third,man,True,,Cherbourg,no,True
0,3,male,28.0,0,0,9.5,S,Third,man,True,,Southampton,no,True
1,3,female,,0,0,7.8792,Q,Third,woman,False,,Queenstown,yes,True
1,3,female,,0,0,7.8792,Q,Third,woman,False,,Queenstown,yes,True
0,3,male,40.0,1,4,27.9,S,Third,man,True,,Southampton,no,False
0,3,female,45.0,0,1,14.4542,C,Third,woman,False,,Cherbourg,no,False
0,3,male,35.0,0,0,7.05,S,Third,man,True,,Southampton,no,True
0,3,male,,1,0,15.5,Q,Third,man,True,,Queenstown,no,False
0,3,male,30.0,0,0,7.25,S,Third,man,True,,Southampton,no,True
1,3,female,,0,0,7.2292,C,Third,woman,False,,Cherbourg,yes,True
1,3,female,,0,0,7.75,Q,Third,woman,False,,Queenstown,yes,True
0,3,male,18.0,1,0,6.4958,S,Third,man,True,,Southampton,no,False
0,3,male,19.0,0,0,8.05,S,Third,man,True,,Southampton,no,True
0,3,female,3.0,3,1,21.075,S,Third,child,False,,Southampton,no,False
1,3,female,22.0,0,0,7.25,S,Third,woman,False,,Southampton,yes,True
0,3,male,20.0,0,0,4.0125,C,Third,man,True,,Cherbourg,no,True
0,3,male,19.0,0,0,7.775,S,Third,man,True,,Southampton,no,True
1,3,female,1.0,0,2,15.7417,C,Third,child,False,,Cherbourg,yes,False
0,3,male,32.0,0,0,7.925,S,Third,man,True,,Southampton,no,True
0,3,male,,0,0,7.8958,S,Third,man,True,,Southampton,no,True
0,3,male,1.0,5,2,46.9,S,Third,child,False,,Southampton,no,False
0,3,male,,0,0,7.7292,Q,Third,man,True,,Queenstown,no,True
1,3,male,21.0,0,0,7.7958,S,Third,man,True,,Southampton,yes,True
0,3,male,28.0,2,0,7.925,S,Third,man,True,,Southampton,no,False
1,3,female,24.0,0,2,16.7,S,Third,woman,False,G,Southampton,yes,False
0,3,male,22.0,0,0,7.7958,S,Third,man,True,,Southampton,no,True
0,3,female,31.0,0,0,7.8542,S,Third,woman,False,,Southampton,no,True
1,3,male,39.0,0,0,7.925,S,Third,man,True,,Southampton,yes,True
0,3,male,26.0,0,0,8.05,S,Third,man,True,,Southampton,no,True
0,3,female,21.0,1,0,9.825,S,Third,woman,False,,Southampton,no,False
0,3,male,28.0,1,0,15.85,S,Third,man,True,,Southampton,no,False
0,3,female,20.0,0,0,8.6625,S,Third,woman,False,,Southampton,no,True
0,3,male,51.0,0,0,7.75,S,Third,man,True,,Southampton,no,True
0,3,male,21.0,0,0,7.775,S,Third,man,True,,Southampton,no,True
0,3,female,,3,1,25.4667,S,Third,woman,False,,Southampton,no,False
0,3,male,,0,0,7.8958,S,Third,man,True,,Southampton,no,True
0,3,male,,0,0,6.8583,Q,Third,man,True,,Queenstown,no,True
1,3,male,44.0,0,0,7.925,S,Third,man,True,,Southampton,yes,True
0,3,female,,0,0,8.05,S,Third,woman,False,,Southampton,no,True
0,3,female,10.0,0,2,24.15,S,Third,child,False,,Southampton,no,False
0,3,male,,0,0,7.8958,C,Third,man,True,,Cherbourg,no,True
0,3,male,21.0,0,0,7.7333,Q,Third,man,True,,Queenstown,no,True
0,3,male,29.0,0,0,7.875,S,Third,man,True,,Southampton,no,True
0,3,female,28.0,1,1,14.4,S,Third,woman,False,,Southampton,no,False
0,3,male,18.0,1,1,20.2125,S,Third,man,True,,Southampton,no,False
0,3,male,,0,0,7.25,S,Third,man,True,,Southampton,no,True
0,3,male,,0,0,7.75,Q,Third,man,True,,Queenstown,no,True
1,3,male,32.0,0,0,8.05,S,Third,man,True,E,Southampton,yes,True
1,3,female,,1,0,16.1,S,Third,woman,False,,Southampton,yes,False
0,3,male,17.0,0,0,7.125,S,Third,man,True,,Southampton,no,True
0,3,female,21.0,2,2,34.375,S,Third,woman,False,,Southampton,no,False
0,3,male,20.0,0,0,9.5,S,Third,man,True,,Southampton,no,True
0,3,male,25.0,1,0,7.775,S,Third,man,True,,Southampton,no,False
1,3,male,,0,0,8.1125,S,Third,man,True,,Southampton,yes,True
1,3,female,5.0,2,1,19.2583,C,Third,child,False,,Cherbourg,yes,False
0,3,male,,1,0,19.9667,S,Third,man,True,,Southampton,no,False
0,3,male,,0,0,8.05,S,Third,man,True,,Southampton,no,True
1,3,male,29.0,0,0,7.8958,C,Third,man,True,,Cherbourg,yes,True
0,3,male,,0,0,7.75,Q,Third,man,True,,Queenstown,no,True
0,3,male,34.0,0,0,8.05,S,Third,man,True,,Southampton,no,True
0,3,male,,0,0,8.05,S,Third,man,True,,Southampton,no,True
0,3,male,38.0,0,0,7.05,S,Third,man,True,,Southampton,no,True
0,3,male,,0,0,7.725,Q,Third,man,True,,Queenstown,no,True
1,3,female,0.75,2,1,19.2583,C,Third,child,False,,Cherbourg,yes,False
0,3,male,,0,0,7.25,S,Third,man,True,,Southampton,no,True
0,3,male,38.0,0,0,8.6625,S,Third,man,True,,Southampton,no,True
0,3,female,22.0,0,0,9.8375,S,Third,woman,False,,Southampton,no,True
0,3,male,29.0,1,0,7.0458,S,Third,man,True,,Southampton,no,False
0,3,male,22.0,0,0,7.5208,S,Third,man,True,,Southampton,no,True
1,3,female,2.0,0,1,12.2875,S,Third,child,False,,Southampton,yes,False
0,3,male,9.0,5,2,46.9,S,Third,child,False,,Southampton,no,False
0,3,male,50.0,0,0,8.05,S,Third,man,True,,Southampton,no,True
1,3,female,63.0,0,0,9.5875,S,Third,woman,False,,Southampton,yes,True
0,3,female,,3,1,25.4667,S,Third,woman,False,,Southampton,no,False
0,3,male,30.0,0,0,8.05,S,Third,man,True,,Southampton,no,True
1,3,male,9.0,1,1,15.9,S,Third,child,False,,Southampton,yes,False
0,3,male,,1,0,19.9667,S,Third,man,True,,Southampton,no,False
0,3,male,21.0,0,0,7.25,S,Third,man,True,,Southampton,no,True
0,3,male,21.0,0,0,8.05,S,Third,man,True,,Southampton,no,True
0,3,male,,0,0,14.4583,C,Third,man,True,,Cherbourg,no,True
0,3,male,,0,0,15.1,S,Third,man,True,,Southampton,no,True
0,3,male,24.0,0,0,7.7958,S,Third,man,True,,Southampton,no,True
0,3,male,17.0,0,0,8.6625,S,Third,man,True,,Southampton,no,True
0,3,female,21.0,0,0,7.75,Q,Third,woman,False,,Queenstown,no,True
0,3,female,,0,0,7.6292,Q,Third,woman,False,,Queenstown,no,True
0,3,female,37.0,0,0,9.5875,S,Third,woman,False,,Southampton,no,True
0,3,male,28.0,0,0,22.525,S,Third,man,True,,Southampton,no,True
1,3,male,26.0,0,0,56.4958,S,Third,man,True,,Southampton,yes,True
1,3,male,29.0,0,0,7.75,Q,Third,man,True,,Queenstown,yes,True
0,3,male,,0,0,8.05,S,Third,man,True,,Southampton,no,True
0,3,male,24.0,0,0,7.4958,S,Third,man,True,,Southampton,no,True
0,3,male,,0,0,24.15,Q,Third,man,True,,Queenstown,no,True
0,3,male,32.0,0,0,7.8958,S,Third,man,True,,Southampton,no,True
0,3,male,22.0,0,0,7.8958,S,Third,man,True,,Southampton,no,True
0,3,male,,0,0,7.225,C,Third,man,True,,Cherbourg,no,True
0,3,male,,0,0,7.2292,C,Third,man,True,,Cherbourg,no,True
0,3,male,40.5,0,0,7.75,Q,Third,man,True,,Queenstown,no,True
0,3,male,39.0,0,0,7.925,S,Third,man,True,,Southampton,no,True
0,3,male,,0,0,7.2292,C,Third,man,True,,Cherbourg,no,True
0,3,male,17.0,1,1,7.2292,C,Third,man,True,,Cherbourg,no,False
1,3,female,,0,2,22.3583,C,Third,woman,False,,Cherbourg,yes,False
0,3,female,30.0,0,0,8.6625,S,Third,woman,False,,Southampton,no,True
0,3,male,,0,0,14.5,S,Third,man,True,,Southampton,no,True
0,3,female,9.0,4,2,31.275,S,Third,child,False,,Southampton,no,False
0,3,female,11.0,4,2,31.275,S,Third,child,False,,Southampton,no,False
0,3,male,33.0,1,1,20.525,S,Third,man,True,,Southampton,no,False
0,3,male,,0,0,7.8292,Q,Third,man,True,,Queenstown,no,True
1,3,male,22.0,0,0,7.225,C,Third,man,True,,Cherbourg,yes,True
1,3,female,22.0,0,0,7.775,S,Third,woman,False,,Southampton,yes,True
1,3,female,36.0,1,0,17.4,S,Third,woman,False,,Southampton,yes,False
0,3,male,,0,0,7.75,Q,Third,man,True,,Queenstown,no,True
0,3,male,40.0,0,0,7.8958,S,Third,man,True,,Southampton,no,True
0,3,male,,0,0,8.05,S,Third,man,True,,Southampton,no,True
0,3,female,,0,0,8.05,S,Third,woman,False,,Southampton,no,True
0,3,male,24.0,2,0,24.15,S,Third,man,True,,Southampton,no,False
0,3,male,19.0,0,0,7.8958,S,Third,man,True,,Southampton,no,True
0,3,female,29.0,0,4,21.075,S,Third,woman,False,,Southampton,no,False
0,3,male,,0,0,7.2292,C,Third,man,True,,Cherbourg,no,True
1,3,male,32.0,0,0,7.8542,S,Third,man,True,,Southampton,yes,True
1,3,female,,0,0,7.75,Q,Third,woman,False,,Queenstown,yes,True
0,3,male,16.0,0,0,8.05,S,Third,man,True,,Southampton,no,True
0,3,male,19.0,0,0,14.5,S,Third,man,True,,Southampton,no,True
0,3,female,,1,0,14.4583,C,Third,woman,False,,Cherbourg,no,False
1,3,male,32.0,0,0,7.925,S,Third,man,True,,Southampton,yes,True
0,3,male,,0,0,8.7125,C,Third,man,True,,Cherbourg,no,True
0,3,male,22.0,0,0,8.05,S,Third,man,True,,Southampton,no,True
0,3,male,,0,0,8.05,S,Third,man,True,,Southampton,no,True
0,3,male,35.0,0,0,7.125,S,Third,man,True,,Southampton,no,True
0,3,male,47.0,0,0,7.25,S,Third,man,True,,Southampton,no,True
0,3,female,,0,2,7.75,Q,Third,woman,False,,Queenstown,no,False
0,3,male,36.0,1,1,24.15,S,Third,man,True,,Southampton,no,False
0,3,male,49.0,0,0,0.0,S,Third,man,True,,Southampton,no,True
0,3,male,,0,0,7.225,C,Third,man,True,,Cherbourg,no,True
0,3,male,,0,0,7.8958,S,Third,man,True,,Southampton,no,True
0,3,male,44.0,0,0,8.05,S,Third,man,True,,Southampton,no,True
0,3,male,36.0,1,0,15.55,S,Third,man,True,,Southampton,no,False
0,3,male,30.0,0,0,7.8958,S,Third,man,True,,Southampton,no,True
0,3,female,39.0,1,5,31.275,S,Third,woman,False,,Southampton,no,False
0,3,male,,0,0,7.05,S,Third,man,True,,Southampton,no,True
1,3,female,,1,0,15.5,Q,Third,woman,False,,Queenstown,yes,False
0,3,male,,0,0,7.75,Q,Third,man,True,,Queenstown,no,True
0,3,male,35.0,0,0,8.05,S,Third,man,True,,Southampton,no,True
0,3,male,34.0,1,1,14.4,S,Third,man,True,,Southampton,no,False
0,3,female,26.0,1,0,16.1,S,Third,woman,False,,Southampton,no,False
0,3,male,27.0,1,0,14.4542,C,Third,man,True,,Cherbourg,no,False
1,3,male,20.0,1,1,15.7417,C,Third,man,True,,Cherbourg,yes,False
0,3,male,21.0,0,0,7.8542,S,Third,man,True,,Southampton,no,True
0,3,male,21.0,0,0,16.1,S,Third,man,True,,Southampton,no,True
0,3,male,26.0,0,0,7.8958,S,Third,man,True,,Southampton,no,True
0,3,male,,0,0,7.7333,Q,Third,man,True,,Queenstown,no,True
0,3,male,51.0,0,0,7.0542,S,Third,man,True,,Southampton,no,True
0,3,female,9.0,3,2,27.9,S,Third,child,False,,Southampton,no,False
0,3,male,32.0,0,0,7.925,S,Third,man,True,,Southampton,no,True
0,3,female,41.0,0,5,39.6875,S,Third,woman,False,,Southampton,no,False
0,3,male,,1,0,16.1,S,Third,man,True,,Southampton,no,False
0,3,male,20.0,0,0,7.8542,S,Third,man,True,,Southampton,no,True
0,3,female,2.0,3,2,27.9,S,Third,child,False,,Southampton,no,False
1,3,male,,0,0,56.4958,S,Third,man,True,,Southampton,yes,True
1,3,female,0.75,2,1,19.2583,C,Third,child,False,,Cherbourg,yes,False
0,3,male,19.0,0,0,7.8958,S,Third,man,True,,Southampton,no,True
0,3,male,,0,0,7.55,S,Third,man,True,,Southampton,no,True
1,3,female,23.0,0,0,7.55,S,Third,woman,False,,Southampton,yes,True
0,3,male,,0,0,7.8958,S,Third,man,True,,Southampton,no,True
0,3,male,21.0,0,0,8.4333,S,Third,man,True,,Southampton,no,True
1,3,female,,0,0,7.8292,Q,Third,woman,False,,Queenstown,yes,True
0,3,female,18.0,0,0,6.75,Q,Third,woman,False,,Queenstown,no,True
0,3,male,,0,0,7.8958,S,Third,man,True,,Southampton,no,True
0,3,female,32.0,1,1,15.5,Q,Third,woman,False,,Queenstown,no,False
0,3,male,40.0,0,0,7.225,C,Third,man,True,,Cherbourg,no,True
0,3,male,36.0,0,0,7.4958,S,Third,man,True,,Southampton,no,True
1,3,male,20.0,1,0,7.925,S,Third,man,True,,Southampton,yes,False
0,3,male,,0,0,7.775,S,Third,man,True,,Southampton,no,True
0,3,male,43.0,0,0,8.05,S,Third,man,True,,Southampton,no,True
0,3,male,18.0,0,0,7.775,S,Third,man,True,,Southampton,no,True
0,3,male,24.5,0,0,8.05,S,Third,man,True,,Southampton,no,True
1,3,female,18.0,0,0,9.8417,S,Third,woman,False,,Southampton,yes,True
0,3,female,43.0,1,6,46.9,S,Third,woman,False,,Southampton,no,False
0,3,female,,0,0,8.1375,Q,Third,woman,False,,Queenstown,no,True
0,3,male,20.0,0,0,9.225,S,Third,man,True,,Southampton,no,True
0,3,male,14.0,5,2,46.9,S,Third,child,False,,Southampton,no,False
0,3,male,14.0,4,1,39.6875,S,Third,child,False,,Southampton,no,False
0,3,male,19.0,0,0,10.1708,S,Third,man,True,,Southampton,no,True
0,3,male,18.0,0,0,7.7958,S,Third,man,True,,Southampton,no,True
1,3,female,4.0,0,1,13.4167,C,Third,child,False,,Cherbourg,yes,False
1,3,male,,0,0,56.4958,S,Third,man,True,,Southampton,yes,True
0,3,male,25.0,0,0,7.225,C,Third,man,True,,Cherbourg,no,True
0,3,male,44.0,0,0,8.05,S,Third,man,True,,Southampton,no,True
1,3,female,,0,0,7.7333,Q,Third,woman,False,,Queenstown,yes,True
0,3,male,42.0,0,0,7.65,S,Third,man,True,F,Southampton,no,True
0,3,female,18.0,0,1,14.4542,C,Third,woman,False,,Cherbourg,no,False
0,3,male,25.0,0,0,7.7417,Q,Third,man,True,,Queenstown,no,True
0,3,male,26.0,1,0,7.8542,S,Third,man,True,,Southampton,no,False
1,3,male,,1,1,15.2458,C,Third,man,True,,Cherbourg,yes,False
0,3,male,29.0,0,0,9.4833,S,Third,man,True,,Southampton,no,True
0,3,male,19.0,0,0,7.65,S,Third,man,True,F,Southampton,no,True
0,3,male,,0,0,15.5,Q,Third,man,True,,Queenstown,no,True
0,3,male,33.0,0,0,7.775,S,Third,man,True,,Southampton,no,True
0,3,male,17.0,1,0,7.0542,S,Third,man,True,,Southampton,no,False
0,3,male,20.0,0,0,8.6625,S,Third,man,True,,Southampton,no,True
1,3,female,,0,0,7.7375,Q,Third,woman,False,,Queenstown,yes,True
0,3,female,25.0,1,0,7.925,S,Third,woman,False,,Southampton,no,False
0,3,male,11.0,0,0,18.7875,C,Third,child,False,,Cherbourg,no,True
0,3,male,28.5,0,0,16.1,S,Third,man,True,,Southampton,no,True
0,3,female,48.0,1,3,34.375,S,Third,woman,False,,Southampton,no,False
0,3,male,,0,0,7.8958,S,Third,man,True,,Southampton,no,True
0,3,male,,0,0,7.8958,S,Third,man,True,,Southampton,no,True
0,3,male,24.0,1,0,16.1,S,Third,man,True,,Southampton,no,False
1,3,male,31.0,0,0,7.925,S,Third,man,True,,Southampton,yes,True
0,3,male,16.0,1,1,20.25,S,Third,man,True,,Southampton,no,False
0,3,male,31.0,0,0,7.75,Q,Third,man,True,,Queenstown,no,True
1,3,male,6.0,0,1,12.475,S,Third,child,False,E,Southampton,yes,False
0,3,male,33.0,0,0,9.5,S,Third,man,True,,Southampton,no,True
0,3,male,23.0,0,0,7.8958,S,Third,man,True,,Southampton,no,True
0,3,male,28.0,0,0,7.7958,S,Third,man,True,,Southampton,no,True
0,3,male,34.0,0,0,8.05,S,Third,man,True,,Southampton,no,True
0,3,male,,0,0,14.5,S,Third,man,True,,Southampton,no,True
0,3,male,41.0,0,0,7.125,S,Third,man,True,,Southampton,no,True
1,3,male,20.0,0,0,7.2292,C,Third,man,True,,Cherbourg,yes,True
0,3,male,16.0,0,0,7.775,S,Third,man,True,,Southampton,no,True
0,3,female,30.5,0,0,7.75,Q,Third,woman,False,,Queenstown,no,True
0,3,male,,1,0,24.15,Q,Third,man,True,,Queenstown,no,False
0,3,male,32.0,0,0,8.3625,S,Third,man,True,,Southampton,no,True
0,3,male,24.0,0,0,9.5,S,Third,man,True,,Southampton,no,True
0,3,male,48.0,0,0,7.8542,S,Third,man,True,,Southampton,no,True
0,3,male,,0,0,7.225,C,Third,man,True,,Cherbourg,no,True
0,3,male,18.0,0,0,7.75,S,Third,man,True,,Southampton,no,True
0,3,male,,0,0,7.75,Q,Third,man,True,F,Queenstown,no,True
1,3,female,5.0,0,0,12.475,S,Third,child,False,,Southampton,yes,True
0,3,male,,0,0,7.7375,Q,Third,man,True,,Queenstown,no,True
1,3,female,13.0,0,0,7.2292,C,Third,child,False,,Cherbourg,yes,True
0,3,male,,1,2,23.45,S,Third,man,True,,Southampton,no,False
0,3,male,25.0,0,0,7.05,S,Third,man,True,,Southampton,no,True
0,3,male,25.0,0,0,7.25,S,Third,man,True,,Southampton,no,True
1,3,female,18.0,0,0,7.4958,S,Third,woman,False,,Southampton,yes,True
0,3,male,8.0,4,1,29.125,Q,Third,child,False,,Queenstown,no,False
1,3,male,1.0,1,2,20.575,S,Third,child,False,,Southampton,yes,False
0,3,male,,0,0,7.75,Q,Third,man,True,,Queenstown,no,True
0,3,female,,8,2,69.55,S,Third,woman,False,,Southampton,no,False
0,3,male,25.0,0,0,7.8958,S,Third,man,True,,Southampton,no,True
1,3,female,31.0,0,0,8.6833,S,Third,woman,False,,Southampton,yes,True
0,3,male,30.0,0,0,7.2292,C,Third,man,True,,Cherbourg,no,True
0,3,female,30.0,1,1,24.15,S,Third,woman,False,,Southampton,no,False
1,3,male,0.42,0,1,8.5167,C,Third,child,False,,Cherbourg,yes,False
1,3,male,27.0,0,0,6.975,S,Third,man,True,,Southampton,yes,True
0,3,male,31.0,0,0,7.775,S,Third,man,True,,Southampton,no,True
0,3,female,18.0,0,0,7.775,S,Third,woman,False,,Southampton,no,True
0,3,male,26.0,0,0,7.8875,S,Third,man,True,,Southampton,no,True
0,3,male,39.0,0,0,24.15,S,Third,man,True,,Southampton,no,True
0,3,female,6.0,4,2,31.275,S,Third,child,False,,Southampton,no,False
0,3,male,30.5,0,0,8.05,S,Third,man,True,,Southampton,no,True
0,3,female,23.0,0,0,7.925,S,Third,woman,False,,Southampton,no,True
0,3,male,43.0,0,0,6.45,S,Third,man,True,,Southampton,no,True
0,3,male,10.0,3,2,27.9,S,Third,child,False,,Southampton,no,False
1,3,male,27.0,0,0,8.6625,S,Third,man,True,,Southampton,yes,True
1,3,female,27.0,0,1,12.475,S,Third,woman,False,E,Southampton,yes,False
0,3,male,2.0,4,1,39.6875,S,Third,child,False,,Southampton,no,False
0,3,male,,0,0,6.95,Q,Third,man,True,,Queenstown,no,True
0,3,male,,0,0,56.4958,S,Third,man,True,,Southampton,no,True
1,3,male,,0,0,7.75,Q,Third,man,True,,Queenstown,yes,True
1,3,female,15.0,1,0,14.4542,C,Third,child,False,,Cherbourg,yes,False
0,3,male,,0,0,7.2292,C,Third,man,True,,Cherbourg,no,True
0,3,male,23.0,0,0,7.8542,S,Third,man,True,,Southampton,no,True
0,3,male,18.0,0,0,8.3,S,Third,man,True,,Southampton,no,True
0,3,male,21.0,0,0,8.6625,S,Third,man,True,,Southampton,no,True
0,3,male,,0,0,8.05,S,Third,man,True,,Southampton,no,True
1,3,male,32.0,0,0,56.4958,S,Third,man,True,,Southampton,yes,True
0,3,male,20.0,0,0,7.925,S,Third,man,True,,Southampton,no,True
0,3,male,34.5,0,0,6.4375,C,Third,man,True,,Cherbourg,no,True
0,3,male,17.0,0,0,8.6625,S,Third,man,True,,Southampton,no,True
0,3,male,42.0,0,0,7.55,S,Third,man,True,,Southampton,no,True
0,3,male,,8,2,69.55,S,Third,man,True,,Southampton,no,False
0,3,male,35.0,0,0,7.8958,C,Third,man,True,,Cherbourg,no,True
0,3,male,4.0,4,2,31.275,S,Third,child,False,,Southampton,no,False
0,3,male,74.0,0,0,7.775,S,Third,man,True,,Southampton,no,True
0,3,female,9.0,1,1,15.2458,C,Third,child,False,,Cherbourg,no,False
1,3,female,18.0,0,1,9.35,S,Third,woman,False,,Southampton,yes,False
1,3,female,24.0,0,3,19.2583,C,Third,woman,False,,Cherbourg,yes,False
0,3,male,,0,0,7.2292,C,Third,man,True,,Cherbourg,no,True
0,3,male,41.0,2,0,14.1083,S,Third,man,True,,Southampton,no,False
0,3,female,,8,2,69.55,S,Third,woman,False,,Southampton,no,False
0,3,male,,0,0,9.5,S,Third,man,True,,Southampton,no,True
1,3,male,4.0,1,1,11.1333,S,Third,child,False,,Southampton,yes,False
0,3,male,26.0,0,0,7.8958,S,Third,man,True,,Southampton,no,True
0,3,male,47.0,0,0,9.0,S,Third,man,True,,Southampton,no,True
1,3,female,15.0,0,0,7.225,C,Third,child,False,,Cherbourg,yes,True
0,3,male,20.0,0,0,9.8458,S,Third,man,True,,Southampton,no,True
0,3,male,19.0,0,0,7.8958,S,Third,man,True,,Southampton,no,True
0,3,male,,0,0,7.8958,S,Third,man,True,,Southampton,no,True
0,3,male,33.0,0,0,7.8958,S,Third,man,True,,Southampton,no,True
0,3,female,22.0,0,0,10.5167,S,Third,woman,False,,Southampton,no,True
0,3,male,25.0,0,0,7.05,S,Third,man,True,,Southampton,no,True
0,3,female,39.0,0,5,29.125,Q,Third,woman,False,,Queenstown,no,False
0,3,female,,1,2,23.45,S,Third,woman,False,,Southampton,no,False
0,3,male,32.0,0,0,7.75,Q,Third,man,True,,Queenstown,no,True
